"시도별(1)","성별 및 연령별(1)",성별 및 연령별(2),2012,2012,2013,2013,2014,2014,2015,2015,2016,2016,2017,2017,2018,2018,2019,2019
"시도별(1)","성별 및 연령별(1)",성별 및 연령별(2),발생건수 (건),분율 (%),발생건수 (건),분율 (%),발생건수 (건),분율 (%),발생건수 (건),분율 (%),발생건수 (건),분율 (%),발생건수 (건),분율 (%),발생건수 (건),분율 (%),발생건수 (건),분율 (%)
"전국","전체",소계,27823,100.0,29356,100.0,30309,100.0,30771,100.0,29832,100.0,29262,100.0,30539,100.0,30782,100.0
"전국","성별",남자,17851,64.2,18992,64.7,19271,63.6,19752,64.2,19122,64.1,18969,64.8,19557,64.0,19873,64.6
"전국","성별",여자,9930,35.7,10336,35.2,11015,36.3,11006,35.8,10692,35.8,10288,35.2,10977,35.9,10906,35.4
"전국","성별",미상,42,0.2,28,0.1,23,0.1,13,0.0,18,0.1,-,-,-,-,-,-
"전국","나이",0~9세,530,1.9,431,1.5,451,1.5,408,1.3,418,1.4,402,1.4,359,1.2,357,1.2
"전국","나이",10~19세,360,1.3,352,1.2,356,1.2,347,1.1,338,1.1,319,1.1,348,1.1,357,1.2
"전국","나이",20~29세,779,2.8,843,2.9,778,2.6,767,2.5,738,2.5,761,2.6,773,2.5,805,2.6
"전국","나이",30~39세,1351,4.9,1390,4.7,1426,4.7,1367,4.4,1287,4.3,1189,4.1,1275,4.2,1239,4.0
"전국","나이",40~49세,2765,9.9,2927,10.0,2840,9.4,2778,9.0,2613,8.8,2503,8.6,2524,8.3,2389,7.8
"전국","나이",50~59세,4509,16.2,4889,16.7,4824,15.9,4774,15.5,4797,16.1,4516,15.4,4493,14.7,4532,14.7
"전국","나이",60~69세,4267,15.3,4527,15.4,4678,15.4,4903,15.9,4862,16.3,4869,16.6,5044,16.5,5253,17.1
"전국","나이",70~79세,6682,24.0,6884,23.5,7059,23.3,7255,23.6,6960,23.3,6727,23.0,6999,22.9,6966,22.6
"전국","나이",80세 이상,6537,23.5,7072,24.1,7862,25.9,8147,26.5,7803,26.2,7960,27.2,8708,28.5,8877,28.8
"전국","나이",미상,43,0.2,41,0.1,35,0.1,25,0.1,16,0.1,16,0.1,16,0.1,-,-
"서울","전체",소계,4179,15.0,4604,15.7,4879,16.1,4804,15.6,4569,15.3,4573,15.6,4717,15.4,4424,14.4
"서울","성별",남자,2682,64.2,2967,64.4,3047,62.5,3067,63.8,2902,63.5,3003,65.7,3036,64.4,2886,65.2
"서울","성별",여자,1497,35.8,1634,35.5,1827,37.4,1735,36.1,1666,36.5,1570,34.3,1681,35.6,1538,34.8
"서울","성별",미상,-,-,-,-,-,-,-,-,-,-,-,-,-,-,-,-
"서울","나이",0~9세,53,1.3,63,1.4,56,1.1,60,1.2,48,1.1,38,0.8,45,1.0,47,1.1
"서울","나이",10~19세,41,1.0,58,1.3,56,1.1,58,1.2,37,0.8,42,0.9,62,1.3,48,1.1
"서울","나이",20~29세,125,3.0,139,3.0,119,2.4,139,2.9,141,3.1,132,2.9,114,2.4,139,3.1
"서울","나이",30~39세,235,5.6,253,5.5,245,5.0,227,4.7,205,4.5,196,4.3,189,4.0,169,3.8
"서울","나이",40~49세,372,8.9,397,8.6,390,8.0,415,8.6,414,9.1,390,8.5,383,8.1,311,7.0
"서울","나이",50~59세,732,17.5,784,17.0,765,15.7,723,15.0,701,15.3,704,15.4,669,14.2,625,14.1
"서울","나이",60~69세,701,16.8,764,16.6,802,16.4,764,15.9,760,16.6,793,17.3,823,17.4,785,17.7
"서울","나이",70~79세,990,23.7,1077,23.4,1177,24.1,1208,25.1,1133,24.8,1123,24.6,1149,24.4,1058,23.9
"서울","나이",80세 이상,930,22.3,1065,23.1,1265,25.9,1210,25.2,1130,24.7,1155,25.3,1281,27.2,1242,28.1
"서울","나이",미상,-,-,-,-,-,-,-,-,-,-,-,-,-,-,-,-
"부산","전체",소계,1806,6.5,1833,6.2,1902,6.3,2013,6.5,1947,6.5,1869,6.4,1909,6.3,1999,6.5
"부산","성별",남자,1153,63.8,1211,66.1,1229,64.6,1336,66.4,1273,65.4,1265,67.7,1250,65.5,1316,65.8
"부산","성별",여자,649,35.9,621,33.9,670,35.2,676,33.6,673,34.6,604,32.3,659,34.5,683,34.2
"부산","성별",미상,-,-,-,-,-,-,-,-,-,-,-,-,-,-,-,-
"부산","나이",0~9세,39,2.2,29,1.6,23,1.2,26,1.3,24,1.2,22,1.2,21,1.1,21,1.1
"부산","나이",10~19세,19,1.1,18,1.0,11,0.6,24,1.2,19,1.0,27,1.4,16,0.8,20,1.0
"부산","나이",20~29세,42,2.3,48,2.6,53,2.8,54,2.7,54,2.8,56,3.0,44,2.3,47,2.4
"부산","나이",30~39세,80,4.4,75,4.1,83,4.4,75,3.7,79,4.1,78,4.2,66,3.5,92,4.6
"부산","나이",40~49세,177,9.8,182,9.9,166,8.7,159,7.9,171,8.8,157,8.4,158,8.3,160,8.0
"부산","나이",50~59세,308,17.1,322,17.6,298,15.7,366,18.2,342,17.6,264,14.1,272,14.2,290,14.5
"부산","나이",60~69세,339,18.8,325,17.7,347,18.2,373,18.5,359,18.4,384,20.5,360,18.9,364,18.2
"부산","나이",70~79세,434,24.0,437,23.8,479,25.2,489,24.3,471,24.2,453,24.2,496,26.0,529,26.5
"부산","나이",80세 이상,366,20.3,394,21.5,439,23.1,438,21.8,426,21.9,427,22.8,475,24.9,476,23.8
"부산","나이",미상,-,-,-,-,-,-,-,-,-,-,-,-,-,-,-,-
"대구","전체",소계,1200,4.3,1228,4.2,1274,4.2,1302,4.2,1325,4.4,1299,4.4,1335,4.4,1294,4.2
"대구","성별",남자,757,63.1,809,65.9,818,64.2,815,62.6,836,63.1,808,62.2,859,64.3,811,62.7
"대구","성별",여자,440,36.7,418,34.0,456,35.8,485,37.3,487,36.8,491,37.8,476,35.7,483,37.3
"대구","성별",미상,-,-,-,-,-,-,-,-,-,-,-,-,-,-,-,-
"대구","나이",0~9세,32,2.7,16,1.3,22,1.7,24,1.8,27,2.0,17,1.3,-,-,12,0.9
"대구","나이",10~19세,14,1.2,16,1.3,11,0.9,20,1.5,22,1.7,21,1.6,17,1.3,16,1.2
"대구","나이",20~29세,30,2.5,33,2.7,26,2.0,32,2.5,39,2.9,27,2.1,29,2.2,40,3.1
"대구","나이",30~39세,53,4.4,44,3.6,52,4.1,57,4.4,59,4.5,51,3.9,51,3.8,53,4.1
"대구","나이",40~49세,112,9.3,131,10.7,120,9.4,113,8.7,110,8.3,110,8.5,93,7.0,90,7.0
"대구","나이",50~59세,187,15.6,212,17.3,215,16.9,187,14.4,219,16.5,186,14.3,198,14.8,188,14.5
"대구","나이",60~69세,193,16.1,199,16.2,195,15.3,219,16.8,238,18.0,242,18.6,247,18.5,223,17.2
"대구","나이",70~79세,299,24.9,297,24.2,325,25.5,332,25.5,313,23.6,291,22.4,326,24.4,329,25.4
"대구","나이",80세 이상,279,23.3,279,22.7,308,24.2,318,24.4,298,22.5,354,27.3,367,27.5,342,26.4
"대구","나이",미상,-,-,-,-,-,-,-,-,-,-,-,-,-,-,-,-
"인천","전체",소계,1427,5.1,1588,5.4,1604,5.3,1671,5.4,1551,5.2,1500,5.1,1567,5.1,1548,5.0
"인천","성별",남자,889,62.3,980,61.7,980,61.1,1074,64.3,992,64.0,966,64.4,1022,65.2,1004,64.9
"인천","성별",여자,535,37.5,606,38.2,623,38.8,596,35.7,559,36.0,534,35.6,544,34.7,544,35.1
"인천","성별",미상,-,-,-,-,-,-,-,-,-,-,-,-,-,-,-,-
"인천","나이",0~9세,34,2.4,29,1.8,21,1.3,21,1.3,22,1.4,22,1.5,21,1.3,30,1.9
"인천","나이",10~19세,17,1.2,17,1.1,15,0.9,22,1.3,18,1.2,14,0.9,19,1.2,17,1.1
"인천","나이",20~29세,42,2.9,58,3.7,50,3.1,46,2.8,44,2.8,34,2.3,52,3.3,36,2.3
"인천","나이",30~39세,78,5.5,83,5.2,99,6.2,75,4.5,72,4.6,60,4.0,78,5.0,78,5.0
"인천","나이",40~49세,166,11.6,164,10.3,161,10.0,173,10.4,164,10.6,134,8.9,138,8.8,134,8.7
"인천","나이",50~59세,250,17.5,271,17.1,270,16.8,332,19.9,283,18.2,232,15.5,253,16.1,254,16.4
"인천","나이",60~69세,190,13.3,246,15.5,243,15.1,237,14.2,246,15.9,264,17.6,258,16.5,258,16.7
"인천","나이",70~79세,343,24.0,340,21.4,367,22.9,349,20.9,343,22.1,363,24.2,353,22.5,322,20.8
"인천","나이",80세 이상,303,21.2,378,23.8,376,23.4,416,24.9,359,23.1,377,25.1,395,25.2,419,27.1
"인천","나이",미상,-,-,-,-,-,-,-,-,-,-,-,-,-,-,-,-
"광주","전체",소계,609,2.2,655,2.2,656,2.2,677,2.2,640,2.1,626,2.1,574,1.9,647,2.1
"광주","성별",남자,369,60.6,405,61.8,425,64.8,452,66.8,414,64.7,412,65.8,363,63.2,413,63.8
"광주","성별",여자,238,39.1,250,38.2,231,35.2,225,33.2,226,35.3,214,34.2,211,36.8,234,36.2
"광주","성별",미상,-,-,-,-,-,-,-,-,-,-,-,-,-,-,-,-
"광주","나이",0~9세,-,-,18,2.7,-,-,11,1.6,14,2.2,15,2.4,-,-,-,-
"광주","나이",10~19세,11,1.8,13,2.0,20,3.0,-,-,13,2.0,-,-,10,1.7,11,1.7
"광주","나이",20~29세,24,3.9,22,3.4,35,5.3,22,3.2,19,3.0,30,4.8,16,2.8,29,4.5
"광주","나이",30~39세,40,6.6,44,6.7,44,6.7,38,5.6,34,5.3,38,6.1,25,4.4,39,6.0
"광주","나이",40~49세,65,10.7,66,10.1,70,10.7,61,9.0,50,7.8,71,11.3,58,10.1,65,10.0
"광주","나이",50~59세,99,16.3,100,15.3,107,16.3,100,14.8,98,15.3,113,18.1,100,17.4,98,15.1
"광주","나이",60~69세,91,14.9,77,11.8,79,12.0,113,16.7,95,14.8,94,15.0,83,14.5,96,14.8
"광주","나이",70~79세,148,24.3,161,24.6,139,21.2,162,23.9,163,25.5,107,17.1,117,20.4,146,22.6
"광주","나이",80세 이상,122,20.0,154,23.5,154,23.5,165,24.4,154,24.1,149,23.8,156,27.2,158,24.4
"광주","나이",미상,-,-,-,-,-,-,-,-,-,-,-,-,-,-,-,-
"대전","전체",소계,716,2.6,749,2.6,696,2.3,781,2.5,707,2.4,651,2.2,716,2.3,739,2.4
"대전","성별",남자,445,62.2,469,62.6,416,59.8,484,62.0,439,62.1,398,61.1,444,62.0,473,64.0
"대전","성별",여자,270,37.7,278,37.1,278,39.9,297,38.0,265,37.5,253,38.9,272,38.0,266,36.0
"대전","성별",미상,-,-,-,-,-,-,-,-,-,-,-,-,-,-,-,-
"대전","나이",0~9세,11,1.5,-,-,15,2.2,12,1.5,10,1.4,-,-,12,1.7,13,1.8
"대전","나이",10~19세,13,1.8,-,-,11,1.6,16,2.0,10,1.4,11,1.7,13,1.8,-,-
"대전","나이",20~29세,28,3.9,21,2.8,30,4.3,26,3.3,19,2.7,22,3.4,24,3.4,32,4.3
"대전","나이",30~39세,38,5.3,37,4.9,29,4.2,51,6.5,23,3.3,27,4.1,34,4.7,29,3.9
"대전","나이",40~49세,75,10.5,89,11.9,74,10.6,67,8.6,54,7.6,53,8.1,63,8.8,61,8.3
"대전","나이",50~59세,104,14.5,119,15.9,113,16.2,107,13.7,108,15.3,107,16.4,104,14.5,115,15.6
"대전","나이",60~69세,107,14.9,107,14.3,110,15.8,110,14.1,121,17.1,95,14.6,106,14.8,112,15.2
"대전","나이",70~79세,165,23.0,160,21.4,154,22.1,177,22.7,158,22.3,168,25.8,168,23.5,182,24.6
"대전","나이",80세 이상,175,24.4,198,26.4,159,22.8,215,27.5,204,28.9,160,24.6,192,26.8,186,25.2
"대전","나이",미상,-,-,-,-,-,-,-,-,-,-,-,-,-,-,-,-
"울산","전체",소계,485,1.7,560,1.9,547,1.8,538,1.7,511,1.7,501,1.7,579,1.9,624,2.0
"울산","성별",남자,301,62.1,369,65.9,355,64.9,352,65.4,346,67.7,338,67.5,401,69.3,420,67.3
"울산","성별",여자,183,37.7,191,34.1,192,35.1,186,34.6,164,32.1,163,32.5,178,30.7,204,32.7
"울산","성별",미상,-,-,-,-,-,-,-,-,-,-,-,-,-,-,-,-
"울산","나이",0~9세,16,3.3,15,2.7,20,3.7,13,2.4,14,2.7,19,3.8,13,2.2,11,1.8
"울산","나이",10~19세,-,-,13,2.3,-,-,-,-,-,-,-,-,-,-,14,2.2
"울산","나이",20~29세,19,3.9,31,5.5,17,3.1,20,3.7,15,2.9,16,3.2,25,4.3,15,2.4
"울산","나이",30~39세,30,6.2,31,5.5,42,7.7,27,5.0,41,8.0,31,6.2,37,6.4,25,4.0
"울산","나이",40~49세,75,15.5,60,10.7,74,13.5,68,12.6,50,9.8,57,11.4,62,10.7,58,9.3
"울산","나이",50~59세,91,18.8,113,20.2,97,17.7,108,20.1,83,16.2,100,20.0,112,19.3,117,18.8
"울산","나이",60~69세,80,16.5,83,14.8,78,14.3,102,19.0,95,18.6,86,17.2,102,17.6,102,16.3
"울산","나이",70~79세,73,15.1,125,22.3,109,19.9,95,17.7,107,20.9,91,18.2,113,19.5,139,22.3
"울산","나이",80세 이상,92,19.0,81,14.5,100,18.3,99,18.4,95,18.6,91,18.2,106,18.3,143,22.9
"울산","나이",미상,-,-,-,-,-,-,-,-,-,-,-,-,-,-,-,-
"세종","전체",소계,71,0.3,81,0.3,84,0.3,96,0.3,118,0.4,112,0.4,139,0.5,105,0.3
"세종","성별",남자,49,69.0,49,60.5,62,73.8,72,75.0,80,67.8,75,67.0,97,69.8,70,66.7
"세종","성별",여자,22,31.0,32,39.5,22,26.2,24,25.0,38,32.2,37,33.0,42,30.2,35,33.3
"세종","성별",미상,-,-,-,-,-,-,-,-,-,-,-,-,-,-,-,-
"세종","나이",0~9세,-,-,-,-,-,-,-,-,-,-,-,-,-,-,-,-
"세종","나이",10~19세,-,-,-,-,-,-,-,-,-,-,-,-,-,-,-,-
"세종","나이",20~29세,-,-,-,-,-,-,-,-,-,-,-,-,-,-,-,-
"세종","나이",30~39세,-,-,-,-,-,-,-,-,11,9.3,-,-,-,-,-,-
"세종","나이",40~49세,-,-,-,-,-,-,-,-,16,13.6,11,9.8,24,17.3,11,10.5
"세종","나이",50~59세,16,22.5,17,21.0,17,20.2,13,13.5,17,14.4,23,20.5,23,16.5,16,15.2
"세종","나이",60~69세,13,18.3,18,22.2,13,15.5,13,13.5,23,19.5,20,17.9,18,12.9,24,22.9
"세종","나이",70~79세,19,26.8,17,21.0,20,23.8,26,27.1,19,16.1,22,19.6,19,13.7,13,12.4
"세종","나이",80세 이상,13,18.3,11,13.6,14,16.7,30,31.3,23,19.5,27,24.1,33,23.7,28,26.7
"세종","나이",미상,-,-,-,-,-,-,-,-,-,-,-,-,-,-,-,-
"경기","전체",소계,5537,19.9,5849,19.9,6086,20.1,6313,20.5,6226,20.9,5982,20.4,6532,21.4,6848,22.2
"경기","성별",남자,3541,64.0,3732,63.8,3853,63.3,3984,63.1,3965,63.7,3887,65.0,4135,63.3,4377,63.9
"경기","성별",여자,1983,35.8,2113,36.1,2227,36.6,2326,36.8,2258,36.3,2095,35.0,2396,36.7,2469,36.1
"경기","성별",미상,13,0.2,-,-,-,-,-,-,-,-,-,-,-,-,-,-
"경기","나이",0~9세,124,2.2,103,1.8,103,1.7,97,1.5,104,1.7,97,1.6,91,1.4,95,1.4
"경기","나이",10~19세,78,1.4,85,1.5,78,1.3,65,1.0,80,1.3,76,1.3,74,1.1,90,1.3
"경기","나이",20~29세,163,2.9,182,3.1,143,2.3,165,2.6,139,2.2,182,3.0,163,2.5,189,2.8
"경기","나이",30~39세,288,5.2,305,5.2,315,5.2,308,4.9,270,4.3,278,4.6,301,4.6,305,4.5
"경기","나이",40~49세,609,11.0,647,11.1,626,10.3,626,9.9,595,9.6,554,9.3,586,9.0,588,8.6
"경기","나이",50~59세,932,16.8,1024,17.5,1066,17.5,1043,16.5,1047,16.8,1028,17.2,1000,15.3,1062,15.5
"경기","나이",60~69세,781,14.1,832,14.2,919,15.1,940,14.9,1024,16.4,954,15.9,1069,16.4,1127,16.5
"경기","나이",70~79세,1262,22.8,1319,22.6,1293,21.2,1431,22.7,1341,21.5,1304,21.8,1406,21.5,1488,21.7
"경기","나이",80세 이상,1295,23.4,1345,23.0,1534,25.2,1634,25.9,1623,26.1,1506,25.2,1838,28.1,1903,27.8
"경기","나이",미상,-,-,-,-,-,-,-,-,-,-,-,-,-,-,-,-
"강원","전체",소계,1365,4.9,1357,4.6,1472,4.9,1506,4.9,1549,5.2,1473,5.0,1503,4.9,1476,4.8
"강원","성별",남자,884,64.8,917,67.6,949,64.5,943,62.6,1011,65.3,941,63.9,946,62.9,962,65.2
"강원","성별",여자,478,35.0,440,32.4,522,35.5,562,37.3,538,34.7,532,36.1,557,37.1,514,34.8
"강원","성별",미상,-,-,-,-,-,-,-,-,-,-,-,-,-,-,-,-
"강원","나이",0~9세,23,1.7,15,1.1,16,1.1,22,1.5,16,1.0,14,1.0,20,1.3,-,-
"강원","나이",10~19세,22,1.6,12,0.9,15,1.0,15,1.0,12,0.8,11,0.7,12,0.8,22,1.5
"강원","나이",20~29세,43,3.2,31,2.3,28,1.9,32,2.1,37,2.4,37,2.5,36,2.4,35,2.4
"강원","나이",30~39세,65,4.8,50,3.7,49,3.3,56,3.7,62,4.0,54,3.7,40,2.7,48,3.3
"강원","나이",40~49세,127,9.3,124,9.1,130,8.8,132,8.8,118,7.6,117,7.9,104,6.9,103,7.0
"강원","나이",50~59세,212,15.5,225,16.6,251,17.1,195,12.9,257,16.6,196,13.3,235,15.6,209,14.2
"강원","나이",60~69세,202,14.8,213,15.7,236,16.0,220,14.6,224,14.5,246,16.7,222,14.8,254,17.2
"강원","나이",70~79세,310,22.7,322,23.7,343,23.3,349,23.2,363,23.4,333,22.6,318,21.2,301,20.4
"강원","나이",80세 이상,360,26.4,362,26.7,404,27.4,479,31.8,460,29.7,465,31.6,514,34.2,495,33.5
"강원","나이",미상,-,-,-,-,-,-,-,-,-,-,-,-,-,-,-,-
"충북","전체",소계,1138,4.1,1213,4.1,1262,4.2,1220,4.0,1289,4.3,1257,4.3,1275,4.2,1350,4.4
"충북","성별",남자,735,64.6,792,65.3,831,65.8,748,61.3,851,66.0,810,64.4,811,63.6,831,61.6
"충북","성별",여자,403,35.4,420,34.6,429,34.0,472,38.7,438,34.0,447,35.6,464,36.4,518,38.4
"충북","성별",미상,-,-,-,-,-,-,-,-,-,-,-,-,-,-,-,-
"충북","나이",0~9세,19,1.7,10,0.8,12,1.0,13,1.1,19,1.5,17,1.4,15,1.2,18,1.3
"충북","나이",10~19세,12,1.1,14,1.2,-,-,12,1.0,14,1.1,16,1.3,18,1.4,-,-
"충북","나이",20~29세,32,2.8,25,2.1,41,3.2,18,1.5,39,3.0,25,2.0,41,3.2,38,2.8
"충북","나이",30~39세,46,4.0,59,4.9,55,4.4,46,3.8,60,4.7,32,2.5,58,4.5,53,3.9
"충북","나이",40~49세,100,8.8,132,10.9,103,8.2,102,8.4,117,9.1,99,7.9,93,7.3,93,6.9
"충북","나이",50~59세,186,16.3,191,15.7,204,16.2,187,15.3,210,16.3,231,18.4,177,13.9,171,12.7
"충북","나이",60~69세,179,15.7,190,15.7,189,15.0,188,15.4,186,14.4,195,15.5,194,15.2,262,19.4
"충북","나이",70~79세,307,27.0,304,25.1,283,22.4,290,23.8,293,22.7,257,20.4,287,22.5,301,22.3
"충북","나이",80세 이상,256,22.5,288,23.7,364,28.8,363,29.8,351,27.2,385,30.6,392,30.7,405,30.0
"충북","나이",미상,-,-,-,-,-,-,-,-,-,-,-,-,-,-,-,-
"충남","전체",소계,1382,5.0,1457,5.0,1641,5.4,1705,5.5,1509,5.1,1588,5.4,1718,5.6,1738,5.6
"충남","성별",남자,937,67.8,980,67.3,1065,64.9,1143,67.0,1013,67.1,1038,65.4,1130,65.8,1146,65.9
"충남","성별",여자,444,32.1,475,32.6,575,35.0,560,32.8,495,32.8,547,34.4,585,34.1,592,34.1
"충남","성별",미상,-,-,-,-,-,-,-,-,-,-,-,-,-,-,-,-
"충남","나이",0~9세,22,1.6,14,1.0,30,1.8,20,1.2,26,1.7,25,1.6,14,0.8,24,1.4
"충남","나이",10~19세,16,1.2,22,1.5,17,1.0,24,1.4,-,-,10,0.6,26,1.5,12,0.7
"충남","나이",20~29세,39,2.8,49,3.4,32,2.0,50,2.9,32,2.1,38,2.4,43,2.5,35,2.0
"충남","나이",30~39세,76,5.5,73,5.0,85,5.2,81,4.8,61,4.0,74,4.7,93,5.4,62,3.6
"충남","나이",40~49세,141,10.2,163,11.2,165,10.1,156,9.1,142,9.4,150,9.4,129,7.5,137,7.9
"충남","나이",50~59세,204,14.8,244,16.7,260,15.8,261,15.3,227,15.0,207,13.0,233,13.6,253,14.6
"충남","나이",60~69세,207,15.0,212,14.6,232,14.1,239,14.0,240,15.9,257,16.2,296,17.2,294,16.9
"충남","나이",70~79세,350,25.3,336,23.1,389,23.7,410,24.0,350,23.2,333,21.0,379,22.1,349,20.1
"충남","나이",80세 이상,324,23.4,341,23.4,430,26.2,461,27.0,418,27.7,490,30.9,503,29.3,572,32.9
"충남","나이",미상,-,-,-,-,-,-,-,-,-,-,-,-,-,-,-,-
"전북","전체",소계,1329,4.8,1381,4.7,1405,4.6,1366,4.4,1375,4.6,1364,4.7,1298,4.3,1381,4.5
"전북","성별",남자,895,67.3,932,67.5,889,63.3,883,64.6,883,64.2,893,65.5,850,65.5,912,66.0
"전북","성별",여자,433,32.6,445,32.2,516,36.7,483,35.4,491,35.7,471,34.5,448,34.5,469,34.0
"전북","성별",미상,-,-,-,-,-,-,-,-,-,-,-,-,-,-,-,-
"전북","나이",0~9세,24,1.8,21,1.5,15,1.1,12,0.9,10,0.7,15,1.1,12,0.9,-,-
"전북","나이",10~19세,22,1.7,17,1.2,19,1.4,14,1.0,18,1.3,14,1.0,14,1.1,21,1.5
"전북","나이",20~29세,39,2.9,30,2.2,32,2.3,24,1.8,32,2.3,29,2.1,30,2.3,33,2.4
"전북","나이",30~39세,54,4.1,59,4.3,54,3.8,67,4.9,43,3.1,42,3.1,50,3.9,46,3.3
"전북","나이",40~49세,135,10.2,148,10.7,137,9.8,111,8.1,92,6.7,115,8.4,92,7.1,107,7.7
"전북","나이",50~59세,211,15.9,225,16.3,199,14.2,184,13.5,215,15.6,163,12.0,205,15.8,188,13.6
"전북","나이",60~69세,199,15.0,218,15.8,247,17.6,239,17.5,243,17.7,228,16.7,215,16.6,226,16.4
"전북","나이",70~79세,334,25.1,350,25.3,345,24.6,356,26.1,354,25.7,360,26.4,305,23.5,317,23.0
"전북","나이",80세 이상,304,22.9,312,22.6,355,25.3,359,26.3,368,26.8,396,29.0,373,28.7,435,31.5
"전북","나이",미상,-,-,-,-,-,-,-,-,-,-,-,-,-,-,-,-
"전남","전체",소계,1581,5.7,1676,5.7,1672,5.5,1673,5.4,1575,5.3,1586,5.4,1549,5.1,1658,5.4
"전남","성별",남자,1032,65.3,1101,65.7,1079,64.5,1092,65.3,979,62.2,1016,64.1,981,63.3,1067,64.4
"전남","성별",여자,548,34.7,572,34.1,593,35.5,581,34.7,594,37.7,570,35.9,568,36.7,591,35.6
"전남","성별",미상,-,-,-,-,-,-,-,-,-,-,-,-,-,-,-,-
"전남","나이",0~9세,25,1.6,30,1.8,26,1.6,18,1.1,20,1.3,16,1.0,12,0.8,10,0.6
"전남","나이",10~19세,21,1.3,18,1.1,27,1.6,15,0.9,14,0.9,15,0.9,-,-,15,0.9
"전남","나이",20~29세,31,2.0,36,2.1,40,2.4,38,2.3,21,1.3,38,2.4,33,2.1,29,1.7
"전남","나이",30~39세,57,3.6,68,4.1,57,3.4,57,3.4,62,3.9,47,3.0,57,3.7,50,3.0
"전남","나이",40~49세,150,9.5,149,8.9,157,9.4,140,8.4,126,8.0,108,6.8,113,7.3,94,5.7
"전남","나이",50~59세,223,14.1,251,15.0,219,13.1,239,14.3,225,14.3,222,14.0,185,11.9,219,13.2
"전남","나이",60~69세,263,16.6,246,14.7,233,13.9,284,17.0,240,15.2,215,13.6,242,15.6,277,16.7
"전남","나이",70~79세,406,25.7,425,25.4,442,26.4,405,24.2,384,24.4,391,24.7,373,24.1,409,24.7
"전남","나이",80세 이상,403,25.5,452,27.0,469,28.1,476,28.5,483,30.7,533,33.6,526,34.0,554,33.4
"전남","나이",미상,-,-,-,-,-,-,-,-,-,-,-,-,-,-,-,-
"경북","전체",소계,2287,8.2,2419,8.2,2313,7.6,2270,7.4,2241,7.5,2199,7.5,2230,7.3,2157,7.0
"경북","성별",남자,1522,66.6,1569,64.9,1507,65.2,1485,65.4,1474,65.8,1414,64.3,1420,63.7,1417,65.7
"경북","성별",여자,760,33.2,850,35.1,805,34.8,785,34.6,764,34.1,785,35.7,810,36.3,740,34.3
"경북","성별",미상,-,-,-,-,-,-,-,-,-,-,-,-,-,-,-,-
"경북","나이",0~9세,38,1.7,18,0.7,23,1.0,29,1.3,23,1.0,22,1.0,23,1.0,19,0.9
"경북","나이",10~19세,31,1.4,17,0.7,22,1.0,15,0.7,22,1.0,16,0.7,19,0.9,20,0.9
"경북","나이",20~29세,47,2.1,58,2.4,61,2.6,48,2.1,37,1.7,33,1.5,48,2.2,43,2.0
"경북","나이",30~39세,98,4.3,102,4.2,95,4.1,92,4.1,84,3.7,74,3.4,66,3.0,68,3.2
"경북","나이",40~49세,208,9.1,196,8.1,178,7.7,195,8.6,180,8.0,154,7.0,164,7.4,139,6.4
"경북","나이",50~59세,325,14.2,362,15.0,316,13.7,312,13.7,361,16.1,311,14.1,310,13.9,318,14.7
"경북","나이",60~69세,344,15.0,397,16.4,337,14.6,361,15.9,334,14.9,353,16.1,382,17.1,356,16.5
"경북","나이",70~79세,608,26.6,592,24.5,581,25.1,557,24.5,567,25.3,555,25.2,518,23.2,484,22.4
"경북","나이",80세 이상,580,25.4,674,27.9,697,30.1,660,29.1,631,28.2,679,30.9,700,31.4,710,32.9
"경북","나이",미상,-,-,-,-,-,-,-,-,-,-,-,-,-,-,-,-
"경남","전체",소계,2119,7.6,2056,7.0,2169,7.2,2213,7.2,2068,6.9,2032,6.9,2229,7.3,2167,7.0
"경남","성별",남자,1311,61.9,1341,65.2,1399,64.5,1466,66.2,1308,63.2,1330,65.5,1427,64.0,1419,65.5
"경남","성별",여자,804,37.9,711,34.6,769,35.5,746,33.7,760,36.8,700,34.4,802,36.0,748,34.5
"경남","성별",미상,-,-,-,-,-,-,-,-,-,-,-,-,-,-,-,-
"경남","나이",0~9세,50,2.4,34,1.7,45,2.1,25,1.1,32,1.5,42,2.1,30,1.3,26,1.2
"경남","나이",10~19세,23,1.1,22,1.1,30,1.4,27,1.2,35,1.7,25,1.2,23,1.0,25,1.2
"경남","나이",20~29세,51,2.4,54,2.6,49,2.3,38,1.7,51,2.5,50,2.5,49,2.2,47,2.2
"경남","나이",30~39세,89,4.2,80,3.9,98,4.5,85,3.8,96,4.6,84,4.1,97,4.4,92,4.2
"경남","나이",40~49세,197,9.3,211,10.3,225,10.4,206,9.3,163,7.9,172,8.5,194,8.7,184,8.5
"경남","나이",50~59세,341,16.1,338,16.4,356,16.4,343,15.5,308,14.9,345,17.0,341,15.3,331,15.3
"경남","나이",60~69세,297,14.0,318,15.5,336,15.5,405,18.3,367,17.7,353,17.4,354,15.9,402,18.6
"경남","나이",70~79세,506,23.9,474,23.1,479,22.1,503,22.7,473,22.9,431,21.2,526,23.6,478,22.1
"경남","나이",80세 이상,562,26.5,523,25.4,548,25.3,581,26.3,543,26.3,530,26.1,612,27.5,581,26.8
"경남","나이",미상,-,-,-,-,-,-,-,-,-,-,-,-,-,-,-,-
"제주","전체",소계,592,2.1,650,2.2,647,2.1,623,2.0,632,2.1,650,2.2,669,2.2,627,2.0
"제주","성별",남자,349,59.0,369,56.8,367,56.7,356,57.1,356,56.3,375,57.7,385,57.5,349,55.7
"제주","성별",여자,243,41.0,280,43.1,280,43.3,267,42.9,276,43.7,275,42.3,284,42.5,278,44.3
"제주","성별",미상,-,-,-,-,-,-,-,-,-,-,-,-,-,-,-,-
"제주","나이",0~9세,11,1.9,-,-,12,1.9,-,-,-,-,12,1.8,12,1.8,-,-
"제주","나이",10~19세,14,2.4,-,-,-,-,-,-,-,-,-,-,-,-,-,-
"제주","나이",20~29세,19,3.2,23,3.5,19,2.9,13,2.1,17,2.7,11,1.7,17,2.5,14,2.2
"제주","나이",30~39세,24,4.1,21,3.2,20,3.1,18,2.9,25,4.0,18,2.8,26,3.9,26,4.1
"제주","나이",40~49세,53,9.0,63,9.7,55,8.5,51,8.2,51,8.1,51,7.8,70,10.5,54,8.6
"제주","나이",50~59세,88,14.9,91,14.0,71,11.0,74,11.9,96,15.2,84,12.9,76,11.4,78,12.4
"제주","나이",60~69세,81,13.7,82,12.6,82,12.7,96,15.4,67,10.6,90,13.8,73,10.9,91,14.5
"제주","나이",70~79세,128,21.6,148,22.8,134,20.7,116,18.6,128,20.3,145,22.3,146,21.8,121,19.3
"제주","나이",80세 이상,173,29.2,215,33.1,246,38.0,243,39.0,237,37.5,236,36.3,245,36.6,228,36.4
"제주","나이",미상,-,-,-,-,-,-,-,-,-,-,-,-,-,-,-,-
